,id,name,AB,description,OX,dataset,seq
Aibellin,peptaibol_Aibellin,Aibellin,1,None,alien,peptaibol.html,Ac U A U A U A Q U F U G U U P V U U E E NHC(CH2Ph)HCH2NHCH2CH2OH
Alamethicin_F-30,peptaibol_Alamethicin_F-30,Alamethicin_F-30,1,None,alien,peptaibol.html,Ac U P U A U A Q U V U G L U P V U U E Q F OH
Alamethicin_F-50,peptaibol_Alamethicin_F-50,Alamethicin_F-50,1,None,alien,peptaibol.html,Ac U P U A U A Q U V U G L U P V U U Q Q F OH
Alamethicin_II,peptaibol_Alamethicin_II,Alamethicin_II,1,None,alien,peptaibol.html,Ac U P U A U U Q U V U G L U P V U U E Q F OH
Ampullosporin,peptaibol_Ampullosporin,Ampullosporin,1,None,alien,peptaibol.html,Ac W A U U L U Q U U U Q L U Q L OH  
Ampullosporin_B,peptaibol_Ampullosporin_B,Ampullosporin_B,1,None,alien,peptaibol.html,Ac W A U U L U Q A U U Q L U Q L OH  
Ampullosporin_C,peptaibol_Ampullosporin_C,Ampullosporin_C,1,None,alien,peptaibol.html,Ac W A U U L U Q U A U Q L U Q L OH  
Ampullosporin_D,peptaibol_Ampullosporin_D,Ampullosporin_D,1,None,alien,peptaibol.html,Ac W A U U L U Q U U A Q L U Q L OH  
Ampullosporin_E1,peptaibol_Ampullosporin_E1,Ampullosporin_E1,1,None,alien,peptaibol.html,Ac W A U U L U Q A U U Q L A Q L OH  
Ampullosporin_E2,peptaibol_Ampullosporin_E2,Ampullosporin_E2,1,None,alien,peptaibol.html,Ac W A U U L U Q U A A Q L U Q L OH  
Ampullosporin_E3,peptaibol_Ampullosporin_E3,Ampullosporin_E3,1,None,alien,peptaibol.html,Ac W A U U L U Q U U A Q L A Q L OH  
Ampullosporin_E4,peptaibol_Ampullosporin_E4,Ampullosporin_E4,1,None,alien,peptaibol.html,Ac W A U U L U Q A A U Q L U Q L OH  
Antiamoebin_I,peptaibol_Antiamoebin_I,Antiamoebin_I,1,None,alien,peptaibol.html,Ac F U U U J G L U U O Q J O U P F OH    
Antiamoebin_II,peptaibol_Antiamoebin_II,Antiamoebin_II,1,None,alien,peptaibol.html,Ac F U U U J G L U U O Q J P U P F OH   
Antiamoebin_III,peptaibol_Antiamoebin_III,Antiamoebin_III,1,None,alien,peptaibol.html,Ac F U U U U G L U U O Q J O U P F OH   
Antiamoebin_IV,peptaibol_Antiamoebin_IV,Antiamoebin_IV,1,None,alien,peptaibol.html,Ac F U U U J G L U U O Q J O U P F OH   
Antiamoebin_V,peptaibol_Antiamoebin_V,Antiamoebin_V,1,None,alien,peptaibol.html,Ac F U U U J A L U U O Q J O U P F OH   
Antiamoebin_VI,peptaibol_Antiamoebin_VI,Antiamoebin_VI,1,None,alien,peptaibol.html,Ac F U U U U G L U U O Q U O U P F OH   
Antiamoebin_VII,peptaibol_Antiamoebin_VII,Antiamoebin_VII,1,None,alien,peptaibol.html,Ac F A U J U G L U U O Q J O U P F OH   
Antiamoebin_VIII,peptaibol_Antiamoebin_VIII,Antiamoebin_VIII,1,None,alien,peptaibol.html,Ac F U U U J G L U U O Q U O U P F OH   
Antiamoebin_IX,peptaibol_Antiamoebin_IX,Antiamoebin_IX,1,None,alien,peptaibol.html,Ac F U A U J G L U U O Q J O U P F OH   
Antiamoebin_X,peptaibol_Antiamoebin_X,Antiamoebin_X,1,None,alien,peptaibol.html,Ac F U U U J G L J U O Q U O U P F OH   
Antiamoebin_XI,peptaibol_Antiamoebin_XI,Antiamoebin_XI,1,None,alien,peptaibol.html,Ac F U U U U A L U U O Q J O U P F OH   
Antiamoebin_XII,peptaibol_Antiamoebin_XII,Antiamoebin_XII,1,None,alien,peptaibol.html,Ac F U U U U G L A U O Q J O U P F OH   
Antiamoebin_XIII,peptaibol_Antiamoebin_XIII,Antiamoebin_XIII,1,None,alien,peptaibol.html,Ac V U U U U G L U U O Q J O U P F OH   
Antiamoebin_XIV,peptaibol_Antiamoebin_XIV,Antiamoebin_XIV,1,None,alien,peptaibol.html,Ac V U U U V G L U U O Q J O U P F OH   
Antiamoebin_XV,peptaibol_Antiamoebin_XV,Antiamoebin_XV,1,None,alien,peptaibol.html,Ac L U U U U G L U U O Q J O U P F OH   
Antiamoebin_XVI,peptaibol_Antiamoebin_XVI,Antiamoebin_XVI,1,None,alien,peptaibol.html,Ac L U U U J G L U U O Q J O U P F OH   
Atroviridin_A,peptaibol_Atroviridin_A,Atroviridin_A,1,None,alien,peptaibol.html,Ac U P U A U A Q U V U G L U P V U U Q Q F OH
Atroviridin_B,peptaibol_Atroviridin_B,Atroviridin_B,1,None,alien,peptaibol.html,Ac U P U A U A Q U V U G L U P V U J Q Q F OH
Atroviridin_C,peptaibol_Atroviridin_C,Atroviridin_C,1,None,alien,peptaibol.html,Ac U P U A U U Q U V U G L U P V U J Q Q F OH
Bergofungin_A,peptaibol_Bergofungin_A,Bergofungin_A,1,None,alien,peptaibol.html,Ac V U U U V G L U U O Q J O U F OH    
Bergofungin_B,peptaibol_Bergofungin_B,Bergofungin_B,1,None,alien,peptaibol.html,Ac V U U U V G L V U O Q U O U F OH    
Bergofungin_C,peptaibol_Bergofungin_C,Bergofungin_C,1,None,alien,peptaibol.html,Ac V U U U V G L U U O Q U O U F OH    
Bergofungin_D,peptaibol_Bergofungin_D,Bergofungin_D,1,None,alien,peptaibol.html,Ac V U U V G L U U O Q U O U F OH    
Boletusin,peptaibol_Boletusin,Boletusin,1,None,alien,peptaibol.html,Ac F U A U J L Q G U U A A U P U U U Q W OH
Cephaibol_A,peptaibol_Cephaibol_A,Cephaibol_A,1,None,alien,peptaibol.html,Ac F U U U U G L J U O Q J O U P F OH
Cephaibol_A2,peptaibol_Cephaibol_A2,Cephaibol_A2,1,None,alien,peptaibol.html,Ac F U U U U A L J U O Q J O U P F OH
Cephaibol_B,peptaibol_Cephaibol_B,Cephaibol_B,1,None,alien,peptaibol.html,Ac F U U U J G L J U O Q J O U P F OH
Cephaibol_C,peptaibol_Cephaibol_C,Cephaibol_C,1,None,alien,peptaibol.html,Ac F U U U U G L J U O Q U O U P F OH
Cephaibol_D,peptaibol_Cephaibol_D,Cephaibol_D,1,None,alien,peptaibol.html,Ac F U U U U G L U U O Q U O U P F OH
Cephaibol_E,peptaibol_Cephaibol_E,Cephaibol_E,1,None,alien,peptaibol.html,Ac F U U U U G L U U O Q J O U P F OH
Cephaibol_P,peptaibol_Cephaibol_P,Cephaibol_P,1,None,alien,peptaibol.html,Ac F J Q U I T U L U O Q U O U P F S OH
Cephaibol_Q,peptaibol_Cephaibol_Q,Cephaibol_Q,1,None,alien,peptaibol.html,Ac F J Q U I T U L U P Q U O U P F S OH
Cervinin_1,peptaibol_Cervinin_1,Cervinin_1,1,None,alien,peptaibol.html,Ac L U P U L U P A U P V L OH
Cervinin_2,peptaibol_Cervinin_2,Cervinin_2,1,None,alien,peptaibol.html,Ac L U P U L U P A U P V L OCOCH3
Chrysospermin_A,peptaibol_Chrysospermin_A,Chrysospermin_A,1,None,alien,peptaibol.html,Ac F U S U U L Q G U U A A U P U U U Q W OH
Chrysospermin_B,peptaibol_Chrysospermin_B,Chrysospermin_B,1,None,alien,peptaibol.html,Ac F U S U U L Q G U U A A U P J U U Q W OH
Chrysospermin_C,peptaibol_Chrysospermin_C,Chrysospermin_C,1,None,alien,peptaibol.html,Ac F U S U J L Q G U U A A U P U U U Q W OH
Chrysospermin_D,peptaibol_Chrysospermin_D,Chrysospermin_D,1,None,alien,peptaibol.html,Ac F U S U J L Q G U U A A U P J U U Q W OH
Clonostachin,peptaibol_Clonostachin,Clonostachin,1,None,alien,peptaibol.html,Ac U O L J O L J O U J U O J I OCH(CH(OH)CH2OH)CH(OH)CH(OH)CH2OH
Emerimicin_II_A,peptaibol_Emerimicin_II_A,Emerimicin_II_A,1,None,alien,peptaibol.html,Ac W I Q U I T U L U O Q U O U P F OH   
Emerimicin_II_B,peptaibol_Emerimicin_II_B,Emerimicin_II_B,1,None,alien,peptaibol.html,Ac W I Q J I T U L U O Q U O U P F OH   
Emerimicin_III,peptaibol_Emerimicin_III,Emerimicin_III,1,None,alien,peptaibol.html,Ac F U U U V G L U U O Q J O U F OH    
Emerimicin_IV,peptaibol_Emerimicin_IV,Emerimicin_IV,1,None,alien,peptaibol.html,Ac F U U U V G L U U O Q J O A F OH    
Harzianin_HB_I,peptaibol_Harzianin_HB_I,Harzianin_HB_I,1,None,alien,peptaibol.html,Ac U N L I U P J L U P L OH
Harzianin_HC_I,peptaibol_Harzianin_HC_I,Harzianin_HC_I,1,None,alien,peptaibol.html,Ac U N L U P S V U P U L U P L OH     
Harzianin_HC_III,peptaibol_Harzianin_HC_III,Harzianin_HC_III,1,None,alien,peptaibol.html,Ac U N L U P S V U P J L U P L OH      
Harzianin_HC_IX,peptaibol_Harzianin_HC_IX,Harzianin_HC_IX,1,None,alien,peptaibol.html,Ac U N L U P A I U P J L U P L OH      
Harzianin_HC_VI,peptaibol_Harzianin_HC_VI,Harzianin_HC_VI,1,None,alien,peptaibol.html,Ac U N L U P A V U P U L U P L OH      
Harzianin_HC_VIII,peptaibol_Harzianin_HC_VIII,Harzianin_HC_VIII,1,None,alien,peptaibol.html,Ac U N L U P A V U P J L U P L OH      
Harzianin_HC_X,peptaibol_Harzianin_HC_X,Harzianin_HC_X,1,None,alien,peptaibol.html,Ac U Q L U P A V U P J L U P L OH      
Harzianin_HC_XI,peptaibol_Harzianin_HC_XI,Harzianin_HC_XI,1,None,alien,peptaibol.html,Ac U N L U P S I U P U L U P L OH      
Harzianin_HC_XII,peptaibol_Harzianin_HC_XII,Harzianin_HC_XII,1,None,alien,peptaibol.html,Ac U N L U P S I U P J L U P L OH      
Harzianin_HC_XIII,peptaibol_Harzianin_HC_XIII,Harzianin_HC_XIII,1,None,alien,peptaibol.html,Ac U Q L U P S I U P J L U P L OH      
Harzianin_HC_XIV,peptaibol_Harzianin_HC_XIV,Harzianin_HC_XIV,1,None,alien,peptaibol.html,Ac U N L U P A I U P U L U P L OH      
Harzianin_HC_XV,peptaibol_Harzianin_HC_XV,Harzianin_HC_XV,1,None,alien,peptaibol.html,Ac U Q L U P A I U P J L U P L OH      
Harzianin_HK_VI,peptaibol_Harzianin_HK_VI,Harzianin_HK_VI,1,None,alien,peptaibol.html,Ac U N I I U P L L U P L OH         
Harzianin_PCU4,peptaibol_Harzianin_PCU4,Harzianin_PCU4,1,None,alien,peptaibol.html,Ac U N L U P S I U P U L U P V OH
Helioferin_A,peptaibol_Helioferin_A,Helioferin_A,1,None,alien,peptaibol.html,Fa P ZZ A U I I U U AAE
Helioferin_B,peptaibol_Helioferin_B,Helioferin_B,1,None,alien,peptaibol.html,Fa P ZZ A U I I U U AMAE
Heptaibin,peptaibol_Heptaibin,Heptaibin,1,None,alien,peptaibol.html,Ac F U U U V G L U U O Q U O U F OH
Hypelcin_A,peptaibol_Hypelcin_A,Hypelcin_A,1,None,alien,peptaibol.html,Ac U P U A U U Q L U G U U U P V U U Q Q L OH
Hypelcin_A_I,peptaibol_Hypelcin_A_I,Hypelcin_A_I,1,None,alien,peptaibol.html,Ac U P U A U U Q U L U G U U P V U U Q Q L OH
Hypelcin_A_II,peptaibol_Hypelcin_A_II,Hypelcin_A_II,1,None,alien,peptaibol.html,Ac U P U A U A Q U L U G U U P V U U Q Q L OH
Hypelcin_A_III,peptaibol_Hypelcin_A_III,Hypelcin_A_III,1,None,alien,peptaibol.html,Ac U P U A U U Q U L U G U U P V U U Q Q C7H16NO
Hypelcin_A_IV,peptaibol_Hypelcin_A_IV,Hypelcin_A_IV,1,None,alien,peptaibol.html,Ac U P U A U U Q U I U G U U P V U U Q Q L OH
Hypelcin_A-III,peptaibol_Hypelcin_A-III,Hypelcin_A-III,1,None,alien,peptaibol.html,Ac U P U A U U Q U L U G U U P V U J Q Q L OH
Hypelcin_A-IX,peptaibol_Hypelcin_A-IX,Hypelcin_A-IX,1,None,alien,peptaibol.html,Ac U P U A U U Q U I U G U U P V U J Q Q L OH
Hypelcin_A-V,peptaibol_Hypelcin_A-V,Hypelcin_A-V,1,None,alien,peptaibol.html,Ac U P U A U U Q U L U G U U P V U U Q Q I OH
Hypelcin_A-VI,peptaibol_Hypelcin_A-VI,Hypelcin_A-VI,1,None,alien,peptaibol.html,Ac U P U A U A Q U L U G U U P V U U Q Q I OH
Hypelcin_A-VII,peptaibol_Hypelcin_A-VII,Hypelcin_A-VII,1,None,alien,peptaibol.html,Ac U P U A U A Q U L U G U U P V U J Q Q L OH
Hypelcin_A-VIII,peptaibol_Hypelcin_A-VIII,Hypelcin_A-VIII,1,None,alien,peptaibol.html,Ac U P U A U A Q U I U G U U P V U U Q Q L OH
Hypelcin_B_I,peptaibol_Hypelcin_B_I,Hypelcin_B_I,1,None,alien,peptaibol.html,Ac U P U A U U Q U L U G U U P V U U E Q L OH
Hypelcin_B_II,peptaibol_Hypelcin_B_II,Hypelcin_B_II,1,None,alien,peptaibol.html,Ac U P U A U A Q U L U G U U P V U U E Q L OH
Hypelcin_B_III,peptaibol_Hypelcin_B_III,Hypelcin_B_III,1,None,alien,peptaibol.html,Ac U P U A U U Q U L U G U U P V U J E Q L OH
Hypelcin_B_IV,peptaibol_Hypelcin_B_IV,Hypelcin_B_IV,1,None,alien,peptaibol.html,Ac U P U A U U Q U I U G U U P V U U E Q L OH
Hypelcin_B_V,peptaibol_Hypelcin_B_V,Hypelcin_B_V,1,None,alien,peptaibol.html,Ac U P U A U U Q U L U G U U P V U U E Q I OH
Hypomurocin_A_I,peptaibol_Hypomurocin_A_I,Hypomurocin_A_I,1,None,alien,peptaibol.html,Ac U Q V V U P L L U P L OH
Hypomurocin_A_II,peptaibol_Hypomurocin_A_II,Hypomurocin_A_II,1,None,alien,peptaibol.html,Ac J Q V V U P L L U P L OH
Hypomurocin_A_III,peptaibol_Hypomurocin_A_III,Hypomurocin_A_III,1,None,alien,peptaibol.html,Ac U Q V L U P L I U P L OH
Hypomurocin_A_IV,peptaibol_Hypomurocin_A_IV,Hypomurocin_A_IV,1,None,alien,peptaibol.html,Ac U Q I V U P L L U P L OH
Hypomurocin_A_V,peptaibol_Hypomurocin_A_V,Hypomurocin_A_V,1,None,alien,peptaibol.html,Ac U Q I I U P L L U P L OH
Hypomurocin_A_Va,peptaibol_Hypomurocin_A_Va,Hypomurocin_A_Va,1,None,alien,peptaibol.html,Ac U Q I L U P L I U P L OH
Hypomurocin_B_I,peptaibol_Hypomurocin_B_I,Hypomurocin_B_I,1,None,alien,peptaibol.html,Ac U S A L U Q U V U G U U P L U U Q V OH
Hypomurocin_B_II,peptaibol_Hypomurocin_B_II,Hypomurocin_B_II,1,None,alien,peptaibol.html,Ac U S A L U Q U V U G U U P L U U Q L OH
Hypomurocin_B_IIIa,peptaibol_Hypomurocin_B_IIIa,Hypomurocin_B_IIIa,1,None,alien,peptaibol.html,Ac U A A L U Q U V U G U U P L U U Q V OH
Hypomurocin_B_IIIb,peptaibol_Hypomurocin_B_IIIb,Hypomurocin_B_IIIb,1,None,alien,peptaibol.html,Ac U S A L U Q J V U G U U P L U U Q V OH
Hypomurocin_B_IV,peptaibol_Hypomurocin_B_IV,Hypomurocin_B_IV,1,None,alien,peptaibol.html,Ac U S A L U Q U V U G J U P L U U Q V OH
Hypomurocin_B_V,peptaibol_Hypomurocin_B_V,Hypomurocin_B_V,1,None,alien,peptaibol.html,Ac U S A L U Q U V U G J U P L U U Q L OH
Leu1_Zervamicin,peptaibol_Leu1_Zervamicin,Leu1_Zervamicin,1,None,alien,peptaibol.html,Ac L I Q J I T U L U O Q U O U P F OH    
Longhibrachin_A_I,peptaibol_Longhibrachin_A_I,Longhibrachin_A_I,1,None,alien,peptaibol.html,Ac U A U A U A Q U V U G L U P V U U Q Q F OH
Longhibrachin_A_II,peptaibol_Longhibrachin_A_II,Longhibrachin_A_II,1,None,alien,peptaibol.html,Ac U A U A U A Q U V U G L U P V U J Q Q F OH
Longhibrachin_A_III,peptaibol_Longhibrachin_A_III,Longhibrachin_A_III,1,None,alien,peptaibol.html,Ac U A U A U U Q U V U G L U P V U U Q Q F OH
Longhibrachin_A_IV,peptaibol_Longhibrachin_A_IV,Longhibrachin_A_IV,1,None,alien,peptaibol.html,Ac U A U A U U Q U V U G L U P V U J Q Q F OH
Longhibrachin_B_II,peptaibol_Longhibrachin_B_II,Longhibrachin_B_II,1,None,alien,peptaibol.html,Ac U A U A U A Q U V U G L U P V U U E Q F OH
Longhibrachin_B_III,peptaibol_Longhibrachin_B_III,Longhibrachin_B_III,1,None,alien,peptaibol.html,Ac U A U A U A Q U V U G L U P V U J E Q F OH
LP237_F5,peptaibol_LP237_F5,LP237_F5,1,None,alien,peptaibol.html,Oc U P Y U Q Q U Zor Q A L OH
LP237_F7,peptaibol_LP237_F7,LP237_F7,1,None,alien,peptaibol.html,Dec U P F U Q Q U U Q A L OH
LP237_F8,peptaibol_LP237_F8,LP237_F8,1,None,alien,peptaibol.html,Oc U P F U Q Q U Zor Q A L OH
NA_VII,peptaibol_NA_VII,NA_VII,1,None,alien,peptaibol.html,Ac U A A U J Q U U U S L U OCH3
Paracelsin_A,peptaibol_Paracelsin_A,Paracelsin_A,1,None,alien,peptaibol.html,Ac U A U A U A Q U V U G U U P V U U Q Q F OH
Paracelsin_B,peptaibol_Paracelsin_B,Paracelsin_B,1,None,alien,peptaibol.html,Ac U A U A U A Q U L U G U U P V U U Q Q F OH
Paracelsin_C,peptaibol_Paracelsin_C,Paracelsin_C,1,None,alien,peptaibol.html,Ac U A U A U U Q U V U G U U P V U U Q Q F OH
Paracelsin_D,peptaibol_Paracelsin_D,Paracelsin_D,1,None,alien,peptaibol.html,Ac U A U A U U Q U L U G U U P V U U Q Q F OH
Paracelsin_E,peptaibol_Paracelsin_E,Paracelsin_E,1,None,alien,peptaibol.html,Ac U A U A U A Q U L U G U A P V U U Q Q F OH
Peptaibolin,peptaibol_Peptaibolin,Peptaibolin,1,None,alien,peptaibol.html,Ac L U L U F OH
Peptaivirin_A,peptaibol_Peptaivirin_A,Peptaivirin_A,1,None,alien,peptaibol.html,Ac F U A U J L Q G U U A A U P J U U Q W OH
Peptaivirin_B,peptaibol_Peptaivirin_B,Peptaivirin_B,1,None,alien,peptaibol.html,Ac F U S U J L Q G U U A A U P J U U Q F OH
Polysporin_A,peptaibol_Polysporin_A,Polysporin_A,1,None,alien,peptaibol.html,Ac U P U A U U Q U V U G V U P V U U Q Q F OH
Polysporin_B,peptaibol_Polysporin_B,Polysporin_B,1,None,alien,peptaibol.html,Ac U P U A U U Q U V U G L U P V U U Q Q F OH
Polysporin_C,peptaibol_Polysporin_C,Polysporin_C,1,None,alien,peptaibol.html,Ac U P U A U U Q U I U G L U P V U U Q Q F OH
Polysporin_D,peptaibol_Polysporin_D,Polysporin_D,1,None,alien,peptaibol.html,Ac U P U A U U Q U I U G L U P V U V Q Q F OH
Pseudokinin_KLIII,peptaibol_Pseudokinin_KLIII,Pseudokinin_KLIII,1,None,alien,peptaibol.html,Ac U N I I U P L L U P NH2
Pseudokinin_KLVI,peptaibol_Pseudokinin_KLVI,Pseudokinin_KLVI,1,None,alien,peptaibol.html,Ac U N I I U P L V hydroxyketopiperazine 
Samarosporin_I,peptaibol_Samarosporin_I,Samarosporin_I,1,None,alien,peptaibol.html,Ac F U U U V G L U U O Q J O A F OH     
Samarosporin_II,peptaibol_Samarosporin_II,Samarosporin_II,1,None,alien,peptaibol.html,Ac F U U U V G L U U O Q J O U F OH     
Saturnisporin_SA_I,peptaibol_Saturnisporin_SA_I,Saturnisporin_SA_I,1,None,alien,peptaibol.html,Ac U A U A U A Q U L U G U U P V U U Q Q F OH
Saturnisporin_SA_II,peptaibol_Saturnisporin_SA_II,Saturnisporin_SA_II,1,None,alien,peptaibol.html,Ac U A U A U A Q U L U G U U P V U J Q Q F OH
Saturnisporin_SA_III,peptaibol_Saturnisporin_SA_III,Saturnisporin_SA_III,1,None,alien,peptaibol.html,Ac U A U A U U Q U L U G U U P V U U Q Q F OH
Saturnisporin_SA_IV,peptaibol_Saturnisporin_SA_IV,Saturnisporin_SA_IV,1,None,alien,peptaibol.html,Ac U A U A U U Q U L U G U U P V U J Q Q F OH
Stilbellin_I,peptaibol_Stilbellin_I,Stilbellin_I,1,None,alien,peptaibol.html,Ac F U U U V G L U U O Q J O A F OH     
Stilbellin_II,peptaibol_Stilbellin_II,Stilbellin_II,1,None,alien,peptaibol.html,Ac F U U U V G L U U O Q J O U F OH     
Stilboflavin_A_1,peptaibol_Stilboflavin_A_1,Stilboflavin_A_1,1,None,alien,peptaibol.html,Ac U P U A U A Q U V U G U U P V U U E Q V OH     
Stilboflavin_A_2,peptaibol_Stilboflavin_A_2,Stilboflavin_A_2,1,None,alien,peptaibol.html,Ac U P U A U A Q U L U G U U P V U U E Q V OH     
Stilboflavin_A_3,peptaibol_Stilboflavin_A_3,Stilboflavin_A_3,1,None,alien,peptaibol.html,Ac U P U A U U Q U V U G U A P V U U E Q L OH     
Stilboflavin_A_4,peptaibol_Stilboflavin_A_4,Stilboflavin_A_4,1,None,alien,peptaibol.html,Ac U P U A U A Q U L U G U U P V U U E Q L OH     
Stilboflavin_A_5,peptaibol_Stilboflavin_A_5,Stilboflavin_A_5,1,None,alien,peptaibol.html,Ac U P U A U U Q U L U G U U P V U U E Q V OH     
Stilboflavin_A_6,peptaibol_Stilboflavin_A_6,Stilboflavin_A_6,1,None,alien,peptaibol.html,Ac U P U A U A Q U L U G U U P V U U E Q J OH     
Stilboflavin_A_7,peptaibol_Stilboflavin_A_7,Stilboflavin_A_7,1,None,alien,peptaibol.html,Ac U P U A U U Q U L U G U U P V U U E Q I OH     
Stilboflavin_B_1,peptaibol_Stilboflavin_B_1,Stilboflavin_B_1,1,None,alien,peptaibol.html,Ac U P U A U A Q U V U G U U P V U U Q Q V OH     
Stilboflavin_B_2,peptaibol_Stilboflavin_B_2,Stilboflavin_B_2,1,None,alien,peptaibol.html,Ac U P U A U A Q U L U G U U P V U U Q Q V OH     
Stilboflavin_B_3,peptaibol_Stilboflavin_B_3,Stilboflavin_B_3,1,None,alien,peptaibol.html,Ac U P U A U A Q U V U G U U P V U U Q Q L OH     
Stilboflavin_B_4,peptaibol_Stilboflavin_B_4,Stilboflavin_B_4,1,None,alien,peptaibol.html,Ac U P U A U A Q U L U G U U P V U U Q Q L OH     
Stilboflavin_B_5,peptaibol_Stilboflavin_B_5,Stilboflavin_B_5,1,None,alien,peptaibol.html,Ac U P U A U U Q U L U G U U P V U U Q Q V OH     
Stilboflavin_B_6,peptaibol_Stilboflavin_B_6,Stilboflavin_B_6,1,None,alien,peptaibol.html,Ac U P U A U U Q U V U G U U P V U U Q Q V OH     
Stilboflavin_B_7,peptaibol_Stilboflavin_B_7,Stilboflavin_B_7,1,None,alien,peptaibol.html,Ac U P U A U U Q U L U G U U P V U U Q Q L OH     
Stilboflavin_B_8,peptaibol_Stilboflavin_B_8,Stilboflavin_B_8,1,None,alien,peptaibol.html,Ac U P U A U U Q U V U G U U P V U U Q Q L OH     
Stilboflavin_B_9,peptaibol_Stilboflavin_B_9,Stilboflavin_B_9,1,None,alien,peptaibol.html,Ac U P U A U U Q U L U G U U P V U U Q Q I OH     
Stilboflavin_B_10,peptaibol_Stilboflavin_B_10,Stilboflavin_B_10,1,None,alien,peptaibol.html,Ac U P U A U U Q U V U G U U P V U U Q Q I OH     
Suzukacillin,peptaibol_Suzukacillin,Suzukacillin,1,None,alien,peptaibol.html,Ac U A U A U A Q U U U G L U P V U U Q Q F OH
Trichobrachin_A-I,peptaibol_Trichobrachin_A-I,Trichobrachin_A-I,1,None,alien,peptaibol.html,Ac U N L L U P L U U P L OH
Trichobrachin_A-II,peptaibol_Trichobrachin_A-II,Trichobrachin_A-II,1,None,alien,peptaibol.html,Ac U N L L U P V L U P V OH
Trichobrachin_A-III,peptaibol_Trichobrachin_A-III,Trichobrachin_A-III,1,None,alien,peptaibol.html,Ac U N V L U P L L U P V OH
Trichobrachin_A-IV,peptaibol_Trichobrachin_A-IV,Trichobrachin_A-IV,1,None,alien,peptaibol.html,Ac U N L V U P L L U P V OH
Trichobrachin_B-I,peptaibol_Trichobrachin_B-I,Trichobrachin_B-I,1,None,alien,peptaibol.html,Ac U N L L U P V U V P L OH
Trichobrachin_B-II,peptaibol_Trichobrachin_B-II,Trichobrachin_B-II,1,None,alien,peptaibol.html,Ac U N V L U P L U V P L OH
Trichobrachin_B-III,peptaibol_Trichobrachin_B-III,Trichobrachin_B-III,1,None,alien,peptaibol.html,Ac U N L V U P L U V P L OH
Trichobrachin_B-IV,peptaibol_Trichobrachin_B-IV,Trichobrachin_B-IV,1,None,alien,peptaibol.html,Ac U N L L U P L U V P V OH
Trichocellin_TC-A-I,peptaibol_Trichocellin_TC-A-I,Trichocellin_TC-A-I,1,None,alien,peptaibol.html,Ac U A U A U A Q U L U G U U P V U U Q Q F OH
Trichocellin_TC-A-II,peptaibol_Trichocellin_TC-A-II,Trichocellin_TC-A-II,1,None,alien,peptaibol.html,Ac U A U A U A Q U L U G U U P V U J Q Q F OH
Trichocellin_TC-A-III,peptaibol_Trichocellin_TC-A-III,Trichocellin_TC-A-III,1,None,alien,peptaibol.html,Ac U A U A U A Q U I U G U U P V U U Q Q F OH
Trichocellin_TC-A-IV,peptaibol_Trichocellin_TC-A-IV,Trichocellin_TC-A-IV,1,None,alien,peptaibol.html,Ac U A U A U A Q U I U G U U P V U J Q Q F OH
Trichocellin_TC-A-V,peptaibol_Trichocellin_TC-A-V,Trichocellin_TC-A-V,1,None,alien,peptaibol.html,Ac U A U A U A Q U L U G L U P V U U Q Q F OH
Trichocellin_TC-A-VI,peptaibol_Trichocellin_TC-A-VI,Trichocellin_TC-A-VI,1,None,alien,peptaibol.html,Ac U A U A U A Q U L U G L U P V U J Q Q F OH
Trichocellin_TC-A-VII,peptaibol_Trichocellin_TC-A-VII,Trichocellin_TC-A-VII,1,None,alien,peptaibol.html,Ac U A U A U A Q U I U G L U P V U U Q Q F OH
Trichocellin_TC-A-VIII,peptaibol_Trichocellin_TC-A-VIII,Trichocellin_TC-A-VIII,1,None,alien,peptaibol.html,Ac U A U A U A Q U I U G L U P V U J Q Q F OH
Trichocellin_TC-B-I,peptaibol_Trichocellin_TC-B-I,Trichocellin_TC-B-I,1,None,alien,peptaibol.html,Ac U A U A U A Q U L U G U U P V U U E Q F OH
Trichocellin_TC-B-II,peptaibol_Trichocellin_TC-B-II,Trichocellin_TC-B-II,1,None,alien,peptaibol.html,Ac U A U A U A Q U L U G U U P V U J E Q F OH
Trichodecenin_TD_I,peptaibol_Trichodecenin_TD_I,Trichodecenin_TD_I,1,None,alien,peptaibol.html,(Z)-4-decenoyl G G L U G I L OH             
Trichodecenin_TD_II,peptaibol_Trichodecenin_TD_II,Trichodecenin_TD_II,1,None,alien,peptaibol.html,(Z)-4-decenoyl G G L U G L L OH             
Trichogin_A_IV,peptaibol_Trichogin_A_IV,Trichogin_A_IV,1,None,alien,peptaibol.html,Oc U G L U G G L U G I L OH         
Trichokindin_Ia,peptaibol_Trichokindin_Ia,Trichokindin_Ia,1,None,alien,peptaibol.html,Ac U S A U U Q J L U A U U P L U U    Q I OH  
Trichokindin_Ib,peptaibol_Trichokindin_Ib,Trichokindin_Ib,1,None,alien,peptaibol.html,Ac U S A U J Q U L U A U U P L U U Q I OH  
Trichokindin_IIa,peptaibol_Trichokindin_IIa,Trichokindin_IIa,1,None,alien,peptaibol.html,Ac U S A U U Q U L U A J U P L U U Q I OH  
Trichokindin_IIb,peptaibol_Trichokindin_IIb,Trichokindin_IIb,1,None,alien,peptaibol.html,Ac U S A U J Q J L U A U U P L U U Q L OH  
Trichokindin_IIIa,peptaibol_Trichokindin_IIIa,Trichokindin_IIIa,1,None,alien,peptaibol.html,Ac U S A U U Q J L U A J U P L U U Q L OH  
Trichokindin_IIIb,peptaibol_Trichokindin_IIIb,Trichokindin_IIIb,1,None,alien,peptaibol.html,Ac U S A U J Q U L U A J U P L U U Q L OH  
Trichokindin_IV,peptaibol_Trichokindin_IV,Trichokindin_IV,1,None,alien,peptaibol.html,Ac U S A U J Q J L U A U U P L U U Q I OH  
Trichokindin_Va,peptaibol_Trichokindin_Va,Trichokindin_Va,1,None,alien,peptaibol.html,Ac U S A U U Q J L U A J U P L U U Q I OH  
Trichokindin_Vb,peptaibol_Trichokindin_Vb,Trichokindin_Vb,1,None,alien,peptaibol.html,Ac U S A U J Q U L U A J U P L U U Q I OH  
Trichokindin_VI,peptaibol_Trichokindin_VI,Trichokindin_VI,1,None,alien,peptaibol.html,Ac U S A U J Q J L U A J U P L U U Q L OH  
Trichokindin_VII,peptaibol_Trichokindin_VII,Trichokindin_VII,1,None,alien,peptaibol.html,Ac U S A U J Q J L U A J U P L U U Q I OH  
Trichokonin_Ia,peptaibol_Trichokonin_Ia,Trichokonin_Ia,1,None,alien,peptaibol.html,Ac U A U A U A Q U V U G L A P V U U Q Q F OH
Trichokonin_Ib,peptaibol_Trichokonin_Ib,Trichokonin_Ib,1,None,alien,peptaibol.html,Ac U G U A U A Q U V U G L U P V U U Q Q F OH
Trichokonin_IIa,peptaibol_Trichokonin_IIa,Trichokonin_IIa,1,None,alien,peptaibol.html,Ac U A U A U A Q U V U G L U P A U U Q Q F OH
Trichokonin_IIb,peptaibol_Trichokonin_IIb,Trichokonin_IIb,1,None,alien,peptaibol.html,Ac A A U A U A Q U V U G L U P V U U Q Q F OH
Trichokonin_IIc,peptaibol_Trichokonin_IIc,Trichokonin_IIc,1,None,alien,peptaibol.html,Ac U A A A U A Q U V U G L U P V U U Q Q F OH
Trichokonin_V,peptaibol_Trichokonin_V,Trichokonin_V,1,None,alien,peptaibol.html,Ac U A U A U Q U V U G L U P V U U Q Q F OH
Trichokonin_VI,peptaibol_Trichokonin_VI,Trichokonin_VI,1,None,alien,peptaibol.html,Ac U A U A U A Q U V U G L U P V U U Q Q F OH
Trichokonin_VII,peptaibol_Trichokonin_VII,Trichokonin_VII,1,None,alien,peptaibol.html,Ac U A U A U A Q U V U G L U P V U J Q Q F OH
Trichokonin_VIII,peptaibol_Trichokonin_VIII,Trichokonin_VIII,1,None,alien,peptaibol.html,Ac U A U A U U Q U V U G L U P V U U Q Q F OH
Trichokonin_IX,peptaibol_Trichokonin_IX,Trichokonin_IX,1,None,alien,peptaibol.html,Ac U A U A U A Q U V U G L U P V U J Q Q F OH
Tricholongin_BI,peptaibol_Tricholongin_BI,Tricholongin_BI,1,None,alien,peptaibol.html,Ac U G F U U Q U U U S L U P V U U Q Q L OH
Tricholongin_BII,peptaibol_Tricholongin_BII,Tricholongin_BII,1,None,alien,peptaibol.html,Ac U G F U U Q U U U S L U P V U J Q Q L OH
Trichopolyn_I,peptaibol_Trichopolyn_I,Trichopolyn_I,1,None,alien,peptaibol.html,Fa P ZZ A U U I A U U AMAE        
Trichopolyn_II,peptaibol_Trichopolyn_II,Trichopolyn_II,1,None,alien,peptaibol.html,Fa P ZZ A U U V A U U AMAE        
Trichopolyn_III,peptaibol_Trichopolyn_III,Trichopolyn_III,1,None,alien,peptaibol.html,Fa P ZZ A U U I A U A AMAE        
Trichopolyn_IV,peptaibol_Trichopolyn_IV,Trichopolyn_IV,1,None,alien,peptaibol.html,Fa P ZZ A U U V A U A AMAE        
Trichopolyn_V,peptaibol_Trichopolyn_V,Trichopolyn_V,1,None,alien,peptaibol.html,Fa' P ZZ A U U I A U U AMAE        
Trichorovin_TV_Ia,peptaibol_Trichorovin_TV_Ia,Trichorovin_TV_Ia,1,None,alien,peptaibol.html,Ac U N V Lx U P Lx Lx U P V OH        
Trichorovin_TV_Ib,peptaibol_Trichorovin_TV_Ib,Trichorovin_TV_Ib,1,None,alien,peptaibol.html,Ac U N V V U P Lx Lx U P Lx OH        
Trichorovin_TV_IIa,peptaibol_Trichorovin_TV_IIa,Trichorovin_TV_IIa,1,None,alien,peptaibol.html,Ac U N V V U P Lx Lx U P Lx OH        
Trichorovin_TV_IIb,peptaibol_Trichorovin_TV_IIb,Trichorovin_TV_IIb,1,None,alien,peptaibol.html,Ac U N Lx V U P Lx Lx U P V OH        
Trichorovin_TV_IIIa,peptaibol_Trichorovin_TV_IIIa,Trichorovin_TV_IIIa,1,None,alien,peptaibol.html,Ac U Q V V U P Lx Lx U P Lx OH        
Trichorovin_TV_IIIb,peptaibol_Trichorovin_TV_IIIb,Trichorovin_TV_IIIb,1,None,alien,peptaibol.html,Ac U Q V Lx U P Lx Lx U P V OH        
Trichorovin_TV_IVa,peptaibol_Trichorovin_TV_IVa,Trichorovin_TV_IVa,1,None,alien,peptaibol.html,Ac U Q V V U P Lx Lx U P Lx OH        
Trichorovin_TV_IVb,peptaibol_Trichorovin_TV_IVb,Trichorovin_TV_IVb,1,None,alien,peptaibol.html,Ac U Q Lx V U P Lx Lx U P V OH        
Trichorovin_TV_IVc,peptaibol_Trichorovin_TV_IVc,Trichorovin_TV_IVc,1,None,alien,peptaibol.html,Ac U N V Lx U P Lx Lx U P Lx OH        
Trichorovin_TV_IXa,peptaibol_Trichorovin_TV_IXa,Trichorovin_TV_IXa,1,None,alien,peptaibol.html,Ac U Q V Lx U P Lx Lx U P Lx OH        
Trichorovin_TV_IXb,peptaibol_Trichorovin_TV_IXb,Trichorovin_TV_IXb,1,None,alien,peptaibol.html,Ac U Q Lx Lx U P Lx Lx U P V OH        
Trichorovin_TV_Va,peptaibol_Trichorovin_TV_Va,Trichorovin_TV_Va,1,None,alien,peptaibol.html,Ac U N V Lx U P Lx Lx U P Lx OH        
Trichorovin_TV_Vb,peptaibol_Trichorovin_TV_Vb,Trichorovin_TV_Vb,1,None,alien,peptaibol.html,Ac U N Lx Lx U P Lx Lx U P V OH        
Trichorovin_TV_VIa,peptaibol_Trichorovin_TV_VIa,Trichorovin_TV_VIa,1,None,alien,peptaibol.html,Ac U N V Lx U P Lx Lx U P Lx OH        
Trichorovin_TV_VIb,peptaibol_Trichorovin_TV_VIb,Trichorovin_TV_VIb,1,None,alien,peptaibol.html,Ac U N Lx Lx U P Lx Lx U P V OH        
Trichorovin_TV_VIIa,peptaibol_Trichorovin_TV_VIIa,Trichorovin_TV_VIIa,1,None,alien,peptaibol.html,Ac U N Lx V U P Lx Lx U P Lx OH        
Trichorovin_TV_VIIb,peptaibol_Trichorovin_TV_VIIb,Trichorovin_TV_VIIb,1,None,alien,peptaibol.html,Ac U Q V Lx U P Lx Lx U P V OH        
Trichorovin_TV_VIII,peptaibol_Trichorovin_TV_VIII,Trichorovin_TV_VIII,1,None,alien,peptaibol.html,Ac U Q V Lx U P Lx Lx U P Lx OH        
Trichorovin_TV_Xa,peptaibol_Trichorovin_TV_Xa,Trichorovin_TV_Xa,1,None,alien,peptaibol.html,Ac U Q Lx V U P Lx Lx U P Lx OH        
Trichorovin_TV_Xb,peptaibol_Trichorovin_TV_Xb,Trichorovin_TV_Xb,1,None,alien,peptaibol.html,Ac U N Lx Lx U P Lx Lx U P Lx OH        
Trichorovin_TV_XI,peptaibol_Trichorovin_TV_XI,Trichorovin_TV_XI,1,None,alien,peptaibol.html,Ac U N Lx Lx U P Lx Lx U P Lx OH        
Trichorovin_TV_XIIa,peptaibol_Trichorovin_TV_XIIa,Trichorovin_TV_XIIa,1,None,alien,peptaibol.html,Ac U N I I U P L L U P I OH        
Trichorovin_TV_XIIb,peptaibol_Trichorovin_TV_XIIb,Trichorovin_TV_XIIb,1,None,alien,peptaibol.html,Ac U N Lx Lx U P Lx Lx U P L OH        
Trichorovin_TV_XIII,peptaibol_Trichorovin_TV_XIII,Trichorovin_TV_XIII,1,None,alien,peptaibol.html,Ac U Q Lx Lx U P Lx Lx U P Lx OH        
Trichorovin_TV_XIV,peptaibol_Trichorovin_TV_XIV,Trichorovin_TV_XIV,1,None,alien,peptaibol.html,Ac U Q Lx Lx U P Lx Lx U P Lx OH        
Trichorozin_I,peptaibol_Trichorozin_I,Trichorozin_I,1,None,alien,peptaibol.html,Ac U N I L U P I L U P V OH
Trichorozin_II,peptaibol_Trichorozin_II,Trichorozin_II,1,None,alien,peptaibol.html,Ac U Q I L U P I L U P V OH
Trichorozin_III,peptaibol_Trichorozin_III,Trichorozin_III,1,None,alien,peptaibol.html,Ac U N I L U P I L U P L OH
Trichorozin_IV,peptaibol_Trichorozin_IV,Trichorozin_IV,1,None,alien,peptaibol.html,Ac U Q I L U P I L U P L OH
Trichorzianine_TA_IIIc,peptaibol_Trichorzianine_TA_IIIc,Trichorzianine_TA_IIIc,1,None,alien,peptaibol.html,Ac U A A U U Q U U U S L U P V U I Q Q W OH
Trichorzianine_TB_IIa,peptaibol_Trichorzianine_TB_IIa,Trichorzianine_TB_IIa,1,None,alien,peptaibol.html,Ac U A A U U Q U U U S L U P L U I Q E W OH
Trichorzianine_TB_IIIc,peptaibol_Trichorzianine_TB_IIIc,Trichorzianine_TB_IIIc,1,None,alien,peptaibol.html,Ac U A A U U Q U U U S L U P V U I Q E W OH
Trichorzianine_TB_IVb,peptaibol_Trichorzianine_TB_IVb,Trichorzianine_TB_IVb,1,None,alien,peptaibol.html,Ac U A A U J Q U U U S L U P V U I Q E W OH 
Trichorzianine_TB_Vb,peptaibol_Trichorzianine_TB_Vb,Trichorzianine_TB_Vb,1,None,alien,peptaibol.html,Ac U A A U U Q U U U S L U P L U I Q E F OH 
Trichorzianine_TB_VIa,peptaibol_Trichorzianine_TB_VIa,Trichorzianine_TB_VIa,1,None,alien,peptaibol.html,Ac U A A U J Q U U U S L U P L U I Q E F OH 
Trichorzianine_TB_VIb,peptaibol_Trichorzianine_TB_VIb,Trichorzianine_TB_VIb,1,None,alien,peptaibol.html,Ac U A A U U Q U U U S L U P V U I Q E F OH 
Trichorzianine_TB_VII,peptaibol_Trichorzianine_TB_VII,Trichorzianine_TB_VII,1,None,alien,peptaibol.html,Ac U A A U J Q U U U S L U P V U I Q E F OH 
Trichorzin_HA_I,peptaibol_Trichorzin_HA_I,Trichorzin_HA_I,1,None,alien,peptaibol.html,Ac U G A U U Q U V U G L U P L U U Q L OH  
Trichorzin_HA_II,peptaibol_Trichorzin_HA_II,Trichorzin_HA_II,1,None,alien,peptaibol.html,Ac U G A U U Q U V U G L U P L U J Q L OH  
Trichorzin_HA_III,peptaibol_Trichorzin_HA_III,Trichorzin_HA_III,1,None,alien,peptaibol.html,Ac U G A U J Q U V U G L U P L U U Q L OH  
Trichorzin_HA_V,peptaibol_Trichorzin_HA_V,Trichorzin_HA_V,1,None,alien,peptaibol.html,Ac U G A U J Q U V U G L U P L U J Q L OH  
Trichorzin_HA_VI,peptaibol_Trichorzin_HA_VI,Trichorzin_HA_VI,1,None,alien,peptaibol.html,Ac U G A U J Q J V U G L U P L U J Q L OH  
Trichorzin_HA_VII,peptaibol_Trichorzin_HA_VII,Trichorzin_HA_VII,1,None,alien,peptaibol.html,Ac U G A U J Q V V U G L U P L U J Q L OH  
Trichorzin_MA_I,peptaibol_Trichorzin_MA_I,Trichorzin_MA_I,1,None,alien,peptaibol.html,Ac U S A U U Q U L U G L U P L U U Q V OH  
Trichorzin_MA_II,peptaibol_Trichorzin_MA_II,Trichorzin_MA_II,1,None,alien,peptaibol.html,Ac U S A U J Q U L U G L U P L U U Q V OH  
Trichorzin_MA_III,peptaibol_Trichorzin_MA_III,Trichorzin_MA_III,1,None,alien,peptaibol.html,Ac U S A U J Q J L U G L U P L U U Q V OH  
Trichorzin_PA_II,peptaibol_Trichorzin_PA_II,Trichorzin_PA_II,1,None,alien,peptaibol.html,Ac U S A U J Q U V U G L U P L U U Q W OH
Trichorzin_PA_IV,peptaibol_Trichorzin_PA_IV,Trichorzin_PA_IV,1,None,alien,peptaibol.html,Ac U S A U J Q J V U G L U P L U U Q W OH
Trichorzin_PA_V,peptaibol_Trichorzin_PA_V,Trichorzin_PA_V,1,None,alien,peptaibol.html,Ac U S A J J Q U V U G L U P L U U Q W OH
Trichorzin_PA_VI,peptaibol_Trichorzin_PA_VI,Trichorzin_PA_VI,1,None,alien,peptaibol.html,Ac U S A U J Q U V U G L U P L U U Q F OH
Trichorzin_PA_VII,peptaibol_Trichorzin_PA_VII,Trichorzin_PA_VII,1,None,alien,peptaibol.html,Ac U S A J J Q U V U G L U P L U U Q W OH
Trichorzin_PA_VIII,peptaibol_Trichorzin_PA_VIII,Trichorzin_PA_VIII,1,None,alien,peptaibol.html,Ac U S A U J Q J V U G L U P L U U Q F OH
Trichorzin_PA_IX,peptaibol_Trichorzin_PA_IX,Trichorzin_PA_IX,1,None,alien,peptaibol.html,Ac U S A J J Q U V U G L U P L U U Q F OH
Trichorzin_PAU4,peptaibol_Trichorzin_PAU4,Trichorzin_PAU4,1,None,alien,peptaibol.html,Ac U S A U U Q U V U G L U P L U U Q W OH
Trichosporin_TS-B-1a-1,peptaibol_Trichosporin_TS-B-1a-1,Trichosporin_TS-B-1a-1,1,None,alien,peptaibol.html,Ac U A G U A U Q U Lx A A Vx A P V U Vx Q Q F OH
Trichosporin_TS-B-1a-2,peptaibol_Trichosporin_TS-B-1a-2,Trichosporin_TS-B-1a-2,1,None,alien,peptaibol.html,Ac U A G A U U Q U Lx A A Vx A P V U Vx Q Q F OH
Trichosporin_TS-B-1b,peptaibol_Trichosporin_TS-B-1b,Trichosporin_TS-B-1b,1,None,alien,peptaibol.html,Ac U A G A U U Q U Lx U G Lx A P V U A Q Q F OH
Trichosporin_TS-B-1d,peptaibol_Trichosporin_TS-B-1d,Trichosporin_TS-B-1d,1,None,alien,peptaibol.html,Ac U A S A U U Q U Lx U G Lx A P V U U Q Q F OH
Trichosporin_TS-B-1e,peptaibol_Trichosporin_TS-B-1e,Trichosporin_TS-B-1e,1,None,alien,peptaibol.html,Ac U A G A U U Q U Lx U G Lx U P V U U Q Q F OH
Trichosporin_TS-B-1f,peptaibol_Trichosporin_TS-B-1f,Trichosporin_TS-B-1f,1,None,alien,peptaibol.html,Ac U A S A U U Q U Lx U G Lx U P V U U Q Q F OH
Trichosporin_TS-B-1g,peptaibol_Trichosporin_TS-B-1g,Trichosporin_TS-B-1g,1,None,alien,peptaibol.html,Ac U A G A U U Q U Lx U G Lx A P V U U Q Q F OH
Trichosporin_TS-B-1h,peptaibol_Trichosporin_TS-B-1h,Trichosporin_TS-B-1h,1,None,alien,peptaibol.html,Ac U A G A U U Q U Lx U G Lx U P V U Vx Q Q F OH
Trichosporin_TS-B-Ia,peptaibol_Trichosporin_TS-B-Ia,Trichosporin_TS-B-Ia,1,None,alien,peptaibol.html,Ac U A S A U U Q U L U G L U P V U U Q Q F OH
Trichosporin_TS-B-IIIa,peptaibol_Trichosporin_TS-B-IIIa,Trichosporin_TS-B-IIIa,1,None,alien,peptaibol.html,Ac U A A A U U Q U L U G L U P V U U Q Q F OH
Trichosporin_TS-B-IIIb,peptaibol_Trichosporin_TS-B-IIIb,Trichosporin_TS-B-IIIb,1,None,alien,peptaibol.html,Ac U A A A U U Q U I U G L U P V U A Q Q F OH
Trichosporin_TS-B-IIIc,peptaibol_Trichosporin_TS-B-IIIc,Trichosporin_TS-B-IIIc,1,None,alien,peptaibol.html,Ac U A A A A U Q U I U G L U P V U U Q Q F OH
Trichosporin_TS-B-IIId,peptaibol_Trichosporin_TS-B-IIId,Trichosporin_TS-B-IIId,1,None,alien,peptaibol.html,Ac U A A A U U Q U V U G L U P V U U Q Q F OH
Trichosporin_TS-B-IVb,peptaibol_Trichosporin_TS-B-IVb,Trichosporin_TS-B-IVb,1,None,alien,peptaibol.html,Ac U A A A U U Q U L U G L U P V U J Q Q F OH
Trichosporin_TS-B-IVc,peptaibol_Trichosporin_TS-B-IVc,Trichosporin_TS-B-IVc,1,None,alien,peptaibol.html,Ac U A U A U U Q U V U G L U P V U U Q Q F OH
Trichosporin_TS-B-IVd,peptaibol_Trichosporin_TS-B-IVd,Trichosporin_TS-B-IVd,1,None,alien,peptaibol.html,Ac U A A A U U Q U V U G L U P V U J Q Q F OH
Trichosporin_TS-B-V,peptaibol_Trichosporin_TS-B-V,Trichosporin_TS-B-V,1,None,alien,peptaibol.html,Ac U A A A U U Q U I U G L U P V U U Q Q F OH
Trichosporin_TS-B-VIa,peptaibol_Trichosporin_TS-B-VIa,Trichosporin_TS-B-VIa,1,None,alien,peptaibol.html,Ac U A U A U U Q U I U G L U P V U U Q Q F OH
Trichosporin_TS-B-VIb,peptaibol_Trichosporin_TS-B-VIb,Trichosporin_TS-B-VIb,1,None,alien,peptaibol.html,Ac U A A A U U Q U I U G L U P V U J Q Q F OH
Trichotoxin_A-40,peptaibol_Trichotoxin_A-40,Trichotoxin_A-40,1,None,alien,peptaibol.html,Ac U G U L U E U U U A U U P L U J Q V OH  
Trichotoxin_A-40_I,peptaibol_Trichotoxin_A-40_I,Trichotoxin_A-40_I,1,None,alien,peptaibol.html,Ac U G U L U Q U U A A U U P L U U E V OH  
Trichotoxin_A-40_II,peptaibol_Trichotoxin_A-40_II,Trichotoxin_A-40_II,1,None,alien,peptaibol.html,Ac U G U L U Q U U U A A U P L U U E V OH  
Trichotoxin_A-40_III,peptaibol_Trichotoxin_A-40_III,Trichotoxin_A-40_III,1,None,alien,peptaibol.html,Ac U G U L U Q U U A A U U P L U J E V OH  
Trichotoxin_A-40_IV,peptaibol_Trichotoxin_A-40_IV,Trichotoxin_A-40_IV,1,None,alien,peptaibol.html,Ac U G U L U Q U U U A U U P L U U E V OH  
Trichotoxin_A-40_V,peptaibol_Trichotoxin_A-40_V,Trichotoxin_A-40_V,1,None,alien,peptaibol.html,Ac U G U L U Q U U U A U U P L U J E V OH  
Trichotoxin_A-40_Va,peptaibol_Trichotoxin_A-40_Va,Trichotoxin_A-40_Va,1,None,alien,peptaibol.html,Ac U A U L U Q U U U A U U P L U U E V OH  
Trichotoxin_A-50_E,peptaibol_Trichotoxin_A-50_E,Trichotoxin_A-50_E,1,None,alien,peptaibol.html,Ac U G U L U Q U U U A A U P L U U Q V OH  
Trichotoxin_A-50_F,peptaibol_Trichotoxin_A-50_F,Trichotoxin_A-50_F,1,None,alien,peptaibol.html,Ac U G U L U Q U U A A A U P L U J Q V OH  
Trichotoxin_A-50_G,peptaibol_Trichotoxin_A-50_G,Trichotoxin_A-50_G,1,None,alien,peptaibol.html,Ac U G U L U Q U U U A A U P L U J Q V OH  
Trichotoxin_A-50_H,peptaibol_Trichotoxin_A-50_H,Trichotoxin_A-50_H,1,None,alien,peptaibol.html,Ac U A U L U Q U U U A A U P L U J Q V OH  
Trichotoxin_A-50_I,peptaibol_Trichotoxin_A-50_I,Trichotoxin_A-50_I,1,None,alien,peptaibol.html,Ac U G U L U Q U U U A U U P L U J Q V OH  
Trichotoxin_A-50_J,peptaibol_Trichotoxin_A-50_J,Trichotoxin_A-50_J,1,None,alien,peptaibol.html,Ac U A U L U Q U U U A U U P L U J Q V OH  
Trichovirin-Ia,peptaibol_Trichovirin-Ia,Trichovirin-Ia,1,None,alien,peptaibol.html,Ac U G A L A Q Vx V U G U U P L U U Q L OH  
Trichovirin-Ib,peptaibol_Trichovirin-Ib,Trichovirin-Ib,1,None,alien,peptaibol.html,Ac U G A L U Q A V U G J U P L U U Q L OH  
Trichovirin-IIa,peptaibol_Trichovirin-IIa,Trichovirin-IIa,1,None,alien,peptaibol.html,Ac U G A L A Q U V U G J U P L U U Q L OH  
Trichovirin-IIb,peptaibol_Trichovirin-IIb,Trichovirin-IIb,1,None,alien,peptaibol.html,Ac U G A L U Q U V U G U U P L U U Q L OH  
Trichovirin-IIc,peptaibol_Trichovirin-IIc,Trichovirin-IIc,1,None,alien,peptaibol.html,Ac U G A L U Q Vx V U G U U P L U U Q L OH  
Trichovirin-IIIa,peptaibol_Trichovirin-IIIa,Trichovirin-IIIa,1,None,alien,peptaibol.html,Ac U G A L U Q J V U G U U P L U U Q L OH  
Trichovirin-IIIb,peptaibol_Trichovirin-IIIb,Trichovirin-IIIb,1,None,alien,peptaibol.html,Ac U G A L J Q J U U G U U P L U U Q L OH  
Trichovirin-IVa,peptaibol_Trichovirin-IVa,Trichovirin-IVa,1,None,alien,peptaibol.html,Ac U G A L J Q J V U G U U P L U U Q L OH  
Trichovirin-IVb,peptaibol_Trichovirin-IVb,Trichovirin-IVb,1,None,alien,peptaibol.html,Ac U G A L U Q U V U G J U P L U U Q L OH  
Trichovirin-V,peptaibol_Trichovirin-V,Trichovirin-V,1,None,alien,peptaibol.html,Ac U G A L U Q J V U G J U P L U U Q L OH  
Trichovirin-VIa,peptaibol_Trichovirin-VIa,Trichovirin-VIa,1,None,alien,peptaibol.html,Ac U G A L U Q J L U G J U P L U U Q L OH  
Trichovirin-VIb,peptaibol_Trichovirin-VIb,Trichovirin-VIb,1,None,alien,peptaibol.html,Ac U G A L J Q J V U G J U P L U U Q L OH  
Trikoningin_KA_V,peptaibol_Trikoningin_KA_V,Trikoningin_KA_V,1,None,alien,peptaibol.html,Ac U G A U I Q U U U S L U P V U I Q Q L OH 
Trikoningin_KB_I,peptaibol_Trikoningin_KB_I,Trikoningin_KB_I,1,None,alien,peptaibol.html,Oc U G V U G G V U G I L OH         
Trikoningin_KB_II,peptaibol_Trikoningin_KB_II,Trikoningin_KB_II,1,None,alien,peptaibol.html,Oc J G V U G G V U G I L OH         
Tylopeptin_A,peptaibol_Tylopeptin_A,Tylopeptin_A,1,None,alien,peptaibol.html,Ac W V U J A Q A U S U A L U Q L OH
Tylopeptin_B,peptaibol_Tylopeptin_B,Tylopeptin_B,1,None,alien,peptaibol.html,Ac W V U U A Q A U S U A L U Q L OH
XR586,peptaibol_XR586,XR586,1,None,alien,peptaibol.html,Ac W J Q U I T U L U P Q U O J P F G OH
Zervamicin_A-1-16,peptaibol_Zervamicin_A-1-16,Zervamicin_A-1-16,1,None,alien,peptaibol.html,Boc W I A U I V U L U P A U P U P F OCH3
Zervamicin_ZIA,peptaibol_Zervamicin_ZIA,Zervamicin_ZIA,1,None,alien,peptaibol.html,Ac W I E J V T U L U O Q U O U P F OH    
Zervamicin_ZIB,peptaibol_Zervamicin_ZIB,Zervamicin_ZIB,1,None,alien,peptaibol.html,Ac W V E J I T U L U O Q U O U P F OH
Zervamicin_ZIB',peptaibol_Zervamicin_ZIB',Zervamicin_ZIB',1,None,alien,peptaibol.html,Ac W I E U I T U L U O Q U O U P F OH
Zervamicin_ZIC,peptaibol_Zervamicin_ZIC,Zervamicin_ZIC,1,None,alien,peptaibol.html,Ac W I E J I T U L U O Q U O U P F OH
Zervamicin_ZII-1,peptaibol_Zervamicin_ZII-1,Zervamicin_ZII-1,1,None,alien,peptaibol.html,Ac W I Q U V T U L U O Q U O U P F OH
Zervamicin_ZII-2,peptaibol_Zervamicin_ZII-2,Zervamicin_ZII-2,1,None,alien,peptaibol.html,Ac W I Q U I T U V U O Q U O U P F OH
Zervamicin_ZII-3,peptaibol_Zervamicin_ZII-3,Zervamicin_ZII-3,1,None,alien,peptaibol.html,Ac W V Q U I T U L U O Q U O U P F OH
Zervamicin_ZII-4,peptaibol_Zervamicin_ZII-4,Zervamicin_ZII-4,1,None,alien,peptaibol.html,Ac W I Q J V T U L U O Q U O U P F OH
Zervamicin_ZII-5,peptaibol_Zervamicin_ZII-5,Zervamicin_ZII-5,1,None,alien,peptaibol.html,Ac W I Q J I T U V U O Q U O U P F OH
Zervamicin_ZIIA,peptaibol_Zervamicin_ZIIA,Zervamicin_ZIIA,1,None,alien,peptaibol.html,Ac W I Q U I T U L U O Q U O U P F OH
Zervamicin_ZIIB,peptaibol_Zervamicin_ZIIB,Zervamicin_ZIIB,1,None,alien,peptaibol.html,Ac W I Q J I T U L U O Q U O U P F OH
